{
   "dashboards": [{
      "autoswitchEnabled": false,
      "columnCount": 1,
      "columnProportion": "1",
      "creationTime": 1586972385937,
      "dashboardNavigations": {},
      "description": "",
      "disabled": false,
      "gridsterMaxColumns": 12,
      "hidden": false,
      "homeTab": false,
      "id": "44e1ceb2-d738-477c-ac09-caffe888fb0c",
      "importAttempts": 0,
      "importComplete": true,
      "lastUpdateTime": 1605909923123,
      "lastUpdateUserId": "6df558f7-25df-4222-96b9-ade784399d19",
      "locked": false,
      "name": "Shared Dashboards (GBrandon)/Capacity/Cluster Capacity",
      "namePath": "Shared Dashboards (GBrandon)/Capacity",
      "rank": 0,
      "shared": true,
      "states": [{
         "key": "permDashboardTime_dashboard_44e1ceb2-d738-477c-ac09-caffe888fb0c",
         "value": "o%3AdateRange%3Ds%253Alast90Days%5EdateRangeText%3Ds%253ALast%252090%2520days"
      }],
      "temporary": false,
      "userId": "6df558f7-25df-4222-96b9-ade784399d19",
      "widgetInteractions": [
         {
            "type": "resourceId",
            "widgetIdProvider": "7875e3ad-abbf-42c6-b823-3ea46eda136c",
            "widgetIdReceiver": "7afc9596-4d61-475b-956d-7497c6464557"
         },
         {
            "type": "resourceId",
            "widgetIdProvider": "7875e3ad-abbf-42c6-b823-3ea46eda136c",
            "widgetIdReceiver": "c61dc234-3b56-426f-86fa-c90d46b64684"
         },
         {
            "type": "resourceId",
            "widgetIdProvider": "7875e3ad-abbf-42c6-b823-3ea46eda136c",
            "widgetIdReceiver": "6cc25d7a-d408-469c-a475-7652b5036b81"
         },
         {
            "type": "resourceId",
            "widgetIdProvider": "7875e3ad-abbf-42c6-b823-3ea46eda136c",
            "widgetIdReceiver": "1008181b-049f-46d4-9738-abec08d242d5"
         },
         {
            "type": "resourceId",
            "widgetIdProvider": "7875e3ad-abbf-42c6-b823-3ea46eda136c",
            "widgetIdReceiver": "c5a4ddd5-9bc9-4abc-8515-9660ad0ecd91"
         },
         {
            "type": "resourceId",
            "widgetIdProvider": "7875e3ad-abbf-42c6-b823-3ea46eda136c",
            "widgetIdReceiver": "c567c816-1f29-4e01-9e97-2e51b5ab7b5f"
         },
         {
            "type": "resourceId",
            "widgetIdProvider": "7875e3ad-abbf-42c6-b823-3ea46eda136c",
            "widgetIdReceiver": "8d186207-56f8-44c6-ba1a-9120f6ae58ba"
         },
         {
            "type": "resourceId",
            "widgetIdProvider": "7875e3ad-abbf-42c6-b823-3ea46eda136c",
            "widgetIdReceiver": "cd154d42-e539-4605-95d8-f7bd7a7194d6"
         },
         {
            "type": "resourceId",
            "widgetIdProvider": "7875e3ad-abbf-42c6-b823-3ea46eda136c",
            "widgetIdReceiver": "4799a086-bf5e-487d-86df-35babb7f1c48"
         },
         {
            "type": "resourceId",
            "widgetIdProvider": "7875e3ad-abbf-42c6-b823-3ea46eda136c",
            "widgetIdReceiver": "eea0ca96-ff0b-4959-83b5-7a264d2dd0fe"
         },
         {
            "type": "resourceId",
            "widgetIdProvider": "7875e3ad-abbf-42c6-b823-3ea46eda136c",
            "widgetIdReceiver": "153e4f94-f277-4990-bc17-32e0a2ca800e"
         },
         {
            "type": "resourceId",
            "widgetIdProvider": "7875e3ad-abbf-42c6-b823-3ea46eda136c",
            "widgetIdReceiver": "448b7b05-ae0a-43c0-85c8-e254a66df8ca"
         },
         {
            "type": "resourceId",
            "widgetIdProvider": "7875e3ad-abbf-42c6-b823-3ea46eda136c",
            "widgetIdReceiver": "5a370c08-9b3a-4555-868b-880bf0ddf8c2"
         },
         {
            "type": "resourceId",
            "widgetIdProvider": "7875e3ad-abbf-42c6-b823-3ea46eda136c",
            "widgetIdReceiver": "4493ac02-1844-47fc-84ea-ea69b78ffe9b"
         },
         {
            "type": "resourceId",
            "widgetIdProvider": "7875e3ad-abbf-42c6-b823-3ea46eda136c",
            "widgetIdReceiver": "f25c4add-c2d4-46b8-9f3b-c6ccf9c5c889"
         },
         {
            "type": "resourceId",
            "widgetIdProvider": "7875e3ad-abbf-42c6-b823-3ea46eda136c",
            "widgetIdReceiver": "2e339058-21eb-4d14-8e65-828bbe516410"
         }
      ],
      "widgets": [
         {
            "collapsed": false,
            "config": {
               "chartViewItems": [],
               "isUpdatedView": true,
               "refreshContent": {"refreshContent": false},
               "refreshInterval": 300,
               "resource": {
                  "id": "Ext.vcops.chrome.model.Resource-6",
                  "resourceId": "resource:id:0_::_",
                  "resourceKindId": "002006VMWAREvSphere World",
                  "resourceName": "vSphere World",
                  "traversalSpecId": ""
               },
               "selectFirstRow": {"selectFirstRow": false},
               "selfProvider": {"selfProvider": true},
               "title": "Select a Cluster",
               "traversalSpecId": null,
               "viewDefinitionId": "e837378c-6ee5-4339-ac1a-6b35e65a2741"
            },
            "gridsterCoords": {
               "h": 34,
               "w": 6,
               "x": 1,
               "y": 16
            },
            "height": 1920,
            "id": "7875e3ad-abbf-42c6-b823-3ea46eda136c",
            "states": [
               {
                  "key": "permSelectedDate_widget_44e1ceb2-d738-477c-ac09-caffe888fb0c_7875e3ad-abbf-42c6-b823-3ea46eda136c",
                  "value": "s%3A%7B%22minType%22%3A%22.TimeIntervalControl%22%2C%22advancedTimeMode%22%3Afalse%2C%22fromTime%22%3Anull%2C%22unit%22%3A%22DAYS%22%2C%22count%22%3A7%2C%22priorUnit%22%3Anull%2C%22priorCount%22%3Anull%2C%22startSubUnit%22%3Anull%2C%22startPeriod%22%3Anull%2C%22toTime%22%3Anull%2C%22endUnit%22%3Anull%2C%22endCount%22%3Anull%2C%22endSubUnit%22%3Anull%2C%22endPeriod%22%3Anull%7D"
               },
               {
                  "key": "perm_toolbarVisible_widget_44e1ceb2-d738-477c-ac09-caffe888fb0c_7875e3ad-abbf-42c6-b823-3ea46eda136c",
                  "value": "b%3A1"
               }
            ],
            "title": "Select a Cluster",
            "type": "View"
         },
         {
            "collapsed": false,
            "config": {
               "chartViewItems": ["legend"],
               "isUpdatedView": true,
               "refreshContent": {"refreshContent": false},
               "refreshInterval": 300,
               "resource": null,
               "selectFirstRow": {"selectFirstRow": false},
               "selfProvider": {"selfProvider": false},
               "title": "CPU Capacity (Demand Model)",
               "traversalSpecId": "",
               "viewDefinitionId": "78d2625b-109a-43c4-8829-920a61ae3335"
            },
            "gridsterCoords": {
               "h": 6,
               "w": 6,
               "x": 7,
               "y": 32
            },
            "height": 324,
            "id": "7afc9596-4d61-475b-956d-7497c6464557",
            "states": [{
               "key": "perm_toolbarVisible_widget_44e1ceb2-d738-477c-ac09-caffe888fb0c_7afc9596-4d61-475b-956d-7497c6464557",
               "value": "b%3A0"
            }],
            "title": "CPU Capacity (Demand Model)",
            "type": "View"
         },
         {
            "collapsed": false,
            "config": {
               "chartViewItems": ["legend"],
               "isUpdatedView": true,
               "refreshContent": {"refreshContent": false},
               "refreshInterval": 300,
               "resource": null,
               "selectFirstRow": {"selectFirstRow": false},
               "selfProvider": {"selfProvider": false},
               "title": "Memory Capacity (Demand Model)",
               "traversalSpecId": "",
               "viewDefinitionId": "d4aa00b3-e2b8-4e5e-b960-94e7c6d07a28"
            },
            "gridsterCoords": {
               "h": 6,
               "w": 6,
               "x": 7,
               "y": 38
            },
            "height": 324,
            "id": "c61dc234-3b56-426f-86fa-c90d46b64684",
            "states": [{
               "key": "perm_toolbarVisible_widget_44e1ceb2-d738-477c-ac09-caffe888fb0c_c61dc234-3b56-426f-86fa-c90d46b64684",
               "value": "b%3A0"
            }],
            "title": "Memory Capacity (Demand Model)",
            "type": "View"
         },
         {
            "collapsed": false,
            "config": {
               "chartViewItems": ["legend"],
               "isUpdatedView": true,
               "refreshContent": {"refreshContent": false},
               "refreshInterval": 300,
               "resource": null,
               "selectFirstRow": {"selectFirstRow": false},
               "selfProvider": {"selfProvider": false},
               "title": "Disk Space Capacity (Demand Model)",
               "traversalSpecId": "",
               "viewDefinitionId": "a97a1575-cd80-4297-996b-8e4168d22489"
            },
            "gridsterCoords": {
               "h": 6,
               "w": 6,
               "x": 7,
               "y": 44
            },
            "height": 324,
            "id": "6cc25d7a-d408-469c-a475-7652b5036b81",
            "states": [{
               "key": "perm_toolbarVisible_widget_44e1ceb2-d738-477c-ac09-caffe888fb0c_6cc25d7a-d408-469c-a475-7652b5036b81",
               "value": "b%3A0"
            }],
            "title": "Disk Space Capacity (Demand Model)",
            "type": "View"
         },
         {
            "collapsed": true,
            "config": {
               "chartViewItems": ["legend"],
               "isUpdatedView": true,
               "refreshContent": {"refreshContent": false},
               "refreshInterval": 300,
               "resource": null,
               "selectFirstRow": {"selectFirstRow": false},
               "selfProvider": {"selfProvider": false},
               "title": "CPU Capacity (Allocation Model)",
               "traversalSpecId": "",
               "viewDefinitionId": "c07bb617-4713-4131-80bf-c268c3e5f3cd"
            },
            "gridsterCoords": {
               "h": 1,
               "w": 6,
               "x": 7,
               "y": 53
            },
            "height": 324,
            "id": "1008181b-049f-46d4-9738-abec08d242d5",
            "states": [{
               "key": "perm_toolbarVisible_widget_44e1ceb2-d738-477c-ac09-caffe888fb0c_1008181b-049f-46d4-9738-abec08d242d5",
               "value": "b%3A0"
            }],
            "title": "CPU Capacity (Allocation Model)",
            "type": "View"
         },
         {
            "collapsed": true,
            "config": {
               "chartViewItems": ["legend"],
               "isUpdatedView": true,
               "refreshContent": {"refreshContent": false},
               "refreshInterval": 300,
               "resource": null,
               "selectFirstRow": {"selectFirstRow": false},
               "selfProvider": {"selfProvider": false},
               "title": "Memory Capacity (Allocation Model)",
               "traversalSpecId": "",
               "viewDefinitionId": "2e5ec137-d230-4e8e-9843-d7269462615d"
            },
            "gridsterCoords": {
               "h": 1,
               "w": 6,
               "x": 7,
               "y": 54
            },
            "height": 324,
            "id": "c5a4ddd5-9bc9-4abc-8515-9660ad0ecd91",
            "states": [{
               "key": "perm_toolbarVisible_widget_44e1ceb2-d738-477c-ac09-caffe888fb0c_c5a4ddd5-9bc9-4abc-8515-9660ad0ecd91",
               "value": "b%3A0"
            }],
            "title": "Memory Capacity (Allocation Model)",
            "type": "View"
         },
         {
            "collapsed": true,
            "config": {
               "chartViewItems": ["legend"],
               "isUpdatedView": true,
               "refreshContent": {"refreshContent": false},
               "refreshInterval": 300,
               "resource": null,
               "selectFirstRow": {"selectFirstRow": false},
               "selfProvider": {"selfProvider": false},
               "title": "Disk Space Capacity (Allocation Model)",
               "traversalSpecId": "",
               "viewDefinitionId": "9d4480e0-7fb7-4176-8050-a5fd64b4c091"
            },
            "gridsterCoords": {
               "h": 1,
               "w": 6,
               "x": 7,
               "y": 55
            },
            "height": 324,
            "id": "c567c816-1f29-4e01-9e97-2e51b5ab7b5f",
            "states": [{
               "key": "perm_toolbarVisible_widget_44e1ceb2-d738-477c-ac09-caffe888fb0c_c567c816-1f29-4e01-9e97-2e51b5ab7b5f",
               "value": "b%3A0"
            }],
            "title": "Disk Space Capacity (Allocation Model)",
            "type": "View"
         },
         {
            "collapsed": false,
            "config": {
               "customFilter": {
                  "excludedResources": null,
                  "filter": [],
                  "includedResources": null
               },
               "depth": 1,
               "metric": {
                  "mode": "resourceKind",
                  "resourceKindMetrics": [
                     {
                        "colorMethod": 1,
                        "id": "extModel10084-1",
                        "isStringMetric": true,
                        "label": "Cluster Name",
                        "metricKey": "config|name",
                        "metricName": "Configuration|Name",
                        "metricUnitId": null,
                        "orangeBound": null,
                        "redBound": null,
                        "resourceKindId": "resourceKind:id:0_::_",
                        "resourceKindName": "Cluster Compute Resource",
                        "unit": null,
                        "yellowBound": null
                     },
                     {
                        "colorMethod": 1,
                        "id": "extModel57593-1",
                        "isStringMetric": true,
                        "label": "Admission Control Policy",
                        "metricKey": "CustomProperty|Admission Control Policy",
                        "metricName": "Custom Properties|Admission Control Policy",
                        "metricUnitId": null,
                        "orangeBound": null,
                        "redBound": null,
                        "resourceKindId": "resourceKind:id:0_::_",
                        "resourceKindName": "Cluster Compute Resource",
                        "unit": null,
                        "yellowBound": null
                     },
                     {
                        "colorMethod": 1,
                        "id": "extModel57593-2",
                        "isStringMetric": false,
                        "label": "CPU Failover %",
                        "metricKey": "configuration|dasConfig|admissionControlPolicy|cpuFailoverResourcesPercent",
                        "metricName": "Cluster Configuration|DAS Configuration|Admission Control Policy|CPU Failover Resources Percent",
                        "metricUnitId": "%",
                        "orangeBound": null,
                        "redBound": null,
                        "resourceKindId": "resourceKind:id:0_::_",
                        "resourceKindName": "Cluster Compute Resource",
                        "unit": "%",
                        "yellowBound": null
                     },
                     {
                        "colorMethod": 1,
                        "id": "extModel57593-3",
                        "isStringMetric": false,
                        "label": "Memory Failover %",
                        "metricKey": "configuration|dasConfig|admissionControlPolicy|memoryFailoverResourcesPercent",
                        "metricName": "Cluster Configuration|DAS Configuration|Admission Control Policy|Memory Failover Resources Percent",
                        "metricUnitId": "%",
                        "orangeBound": null,
                        "redBound": null,
                        "resourceKindId": "resourceKind:id:0_::_",
                        "resourceKindName": "Cluster Compute Resource",
                        "unit": "%",
                        "yellowBound": null
                     }
                  ],
                  "resourceMetrics": [],
                  "subMode": "resourceKindAll"
               },
               "refreshContent": {"refreshContent": false},
               "refreshInterval": 300,
               "relationshipMode": {"relationshipMode": 0},
               "resInteractionMode": null,
               "resource": [],
               "selfProvider": {"selfProvider": false},
               "showMetricFullName": {"metricFullName": false},
               "title": "Admission Control",
               "visualTheme": 2
            },
            "gridsterCoords": {
               "h": 5,
               "w": 3,
               "x": 7,
               "y": 16
            },
            "height": 267,
            "id": "8d186207-56f8-44c6-ba1a-9120f6ae58ba",
            "states": [{
               "key": "permMetricListDataGrid_metricGrid_widget_44e1ceb2-d738-477c-ac09-caffe888fb0c_8d186207-56f8-44c6-ba1a-9120f6ae58ba",
               "value": "o%3Acolumns%3Da%253Ao%25253Aid%25253Ds%2525253Ah1%25255Ehidden%25253Db%2525253A1%25255Ewidth%25253Dn%2525253A100%255Eo%25253Aid%25253Ds%2525253Ah2%255Eo%25253Aid%25253Ds%2525253Ah3%255Eo%25253Aid%25253Ds%2525253Ah4"
            }],
            "title": "Admission Control",
            "type": "PropertyList"
         },
         {
            "collapsed": false,
            "config": {
               "editorData": "<div style=\"font-family: Metropolis;font-style: normal;font-weight: normal;font-size: 14px;line-height: 24px;color: #495A67;\">\n    Capacity planning in vRealize Operations is powered by real-time predictive AI engine.  The projections from the AI engine uses the cluster's demand to project the demand in the future.  These projections help determine the Time Remaining, Capacity Remaining, and VMs Remaining for the cluster.  The AI engine is able to detect linear trends, periodic patterns (including calendar awareness), various types of peaks, and uses exponential decay to give higher weight to more recent demand.\n  <br> \n  <br>\n    <b>How to use this dashboard<\/b>\n  <ul>\n    <li>\n      <b>Select a Cluster<\/b> widget lists clusters sorted by criticality.  The clusters with the least Time Remaining are the most critical followed by Capacity Remaining.  Select the cluster you wish to investigate.\n    <\/li>\n    <li>\n      <b>Admission Control and Dedicated Failover Hosts for Admission Control<\/b> widgets shows the resources needed for HA, which are already accounted for in Usable Capacity after HA and Buffer metric.\n    <\/li>\n    <li>\n      <b>Buffer Settings (Demand Model)<\/b> widget shows the configured amount of buffer that's removed from Usable Capacity after HA and Buffer.\n    <\/li>\n    <li>\n      <b>Time Remaining<\/b> widget shows the amount of Time Remaining for CPU, Memory and Disk Space perspectives.\n    <\/li>\n    <li>\n      <b>Reclaimable Capacity<\/b> shows resources that can potentially be reclaimed to increase the available capacity in the cluster.\n    <\/li>\n    <li>\n      <b>CPU Capacity (Demand Model), Memory Capacity (Demand Model), and Disk Space (Demand Model)<\/b> charts show Total Capacity, Usable Capacity after HA and Buffer, Demand, and Capacity Remaining for the selected cluster using the Demand Model.\n    <\/li>\n  <\/ul>\n\n    <b>Allocation Model Capacity Section<\/b>\n  <ul>\n    <li>\n      <b>The Allocation Model Capacity<\/b> section only applies to clusters with Allocation Model enabled.  The widgets will be blank if Allocation Model is not enabled.  When using Allocation Model, it's important to look at both Demand and Allocation charts to get a full picture of the capacity of the cluster.\n    <\/li>\n    <li>\n      <b>Overcommit Ratios (Allocation Model)<\/b> widget shows both the current and planned overcommit ratios.\n    <\/li>\n    <li>\n      <b>Buffer Settings (Allocation Model)<\/b> widget shows the configured amount of buffer that's removed from Usable Capacity after HA and Buffer.\n    <\/li>\n    <li>\n      <b>CPU Capacity (Allocation Model), Memory Capacity (Allocation Model), and Disk Space (Allocation Model)<\/b> charts show Total Capacity, Usable Capacity after HA and Buffer, Demand, and Capacity Remaining for the selected cluster using the Allocation Model.\n    <\/li>\n  <\/ul>\n    <b>Capacity Terms<\/b>\n  <ul>\n    <li>\n      <b>Total Capacity:<\/b> All of the capacity available.\n    <\/li>\n    <li>\n      <b>HA:<\/b> Capacity reserved due to Admission Control settings on the Cluster.\n    <\/li>\n    <li>\n      <b>Buffer:<\/b> Amount of capacity reserved based on the Capacity Buffer setting (Total Capacity - HA) * Buffer %.\n    <\/li>\n    <li>\n      <b>Usable Capacity after HA and Buffer:<\/b> Amount of capacity available after removing capacity needed for HA and Buffer.\n    <\/li>\n    <li>\n      <b>Overhead:<\/b> Resources needed by the hypervisor to run the workload.\n    <\/li>\n    <li>\n      <b>Usage / Utilization:<\/b> Amount of capacity the workload receives.\n    <\/li>\n    <li>\n      <b>Demand:<\/b> Amount of capacity the workload is asking for.\n    <\/li>\n    <li>\n      <b>Contention:<\/b> If Demand is greater than Utilization, there is contention.  Example of CPU contention include ready, co-stop, hyper-threading, and processor frequency scaling.  Examples of memory contention includes balloon, swap wait, and decompress.\n    <\/li>\n    <li>\n      <b>Demand (%):<\/b> Demand vs. Total Capacity (Demand / Total Capacity * 100).\n    <\/li>\n    <li>\n      <b>Workload (%):<\/b> Demand vs. Usable Capacity (Demand / Usable Capacity * 100).\n    <\/li>\n  <\/ul>\n    <b>Capacity Projections<\/b>\n  <ul>\n    <li>\n      <b>Time Remaining:<\/b> The number of days until the projected utilization exceeds Usable Capacity.\n    <\/li>\n    <li>\n      <b>Capacity Remaining:<\/b> The smallest difference between Usable Capacity and the projected utilization between now and 3 days projected in the future.\n    <\/li>\n    <li>\n      <b>VMs Remaining:<\/b> The number of VMs that will fit in the cluster based on the average demand of existing VMs within the cluster.\n    <\/li>\n    <li>\n      <b>Most Constrained Resource:<\/b> The resource and capacity model that is the most constrained across CPU, Memory, and Disk Space.  If Allocation Model is enabled, CPU, Memory, and Disk Space based on overcommit ratios.\n    <\/li>\n    <li>\n      <b>Capacity Remaining (%):<\/b> Capacity Remaining in percentage of the Most Constrained Resource.\n    <\/li>\n  <\/ul>\n    <b>Risk Level Setting<\/b>\n  <ul>\n    <li>\n      <b>Conservative (Default):<\/b> Calculate capacity based on the upper bound of the projected demand.  Select this option for critical clusters.\n    <\/li>\n    <li>\n      <b>Aggressive:<\/b> Calculate capacity based on the mean of the upper and lower bound of projected demand.  Select this option for less critical clusters like development.\n\n    <b>Criticality Threshold Setting<\/b>\n    <\/li>\n    <li>\n      <b>Critical Threshold:<\/b> Time Remaining below the configured Critical Threshold are considered to be in a Critical state.  Set the threshold to warn you in enough time to purchase and add additional capacity.\n    <\/li>\n    <li>\n      <b>Warning Threshold:<\/b> Time Remaining between the configured Warning Threshold and Critical Threshold are considered to be in a Warning State.  Set the threshold to warn you in enough time to purchase and add additional capacity.\n    <\/li>\n  <\/ul>\n    This readme can be hidden by clicking the collapse icon at the top of the widget.",
               "locationFile": "",
               "locationUrl": "",
               "refreshContent": {"refreshContent": false},
               "refreshInterval": 300,
               "title": "About this Dashboard",
               "titleLocalized": "About this Dashboard",
               "viewModeHTML": true
            },
            "gridsterCoords": {
               "h": 15,
               "w": 6,
               "x": 1,
               "y": 1
            },
            "height": 837,
            "id": "dcc28b05-3ab1-4068-add7-97b2d0cde71e",
            "title": "About this Dashboard",
            "type": "TextDisplay"
         },
         {
            "collapsed": false,
            "config": {
               "chartViewItems": [],
               "isUpdatedView": true,
               "refreshContent": {"refreshContent": false},
               "refreshInterval": 300,
               "resource": {
                  "id": "Ext.vcops.chrome.model.Resource-5",
                  "resourceId": "resource:id:0_::_",
                  "resourceKindId": "002006VMWAREvSphere World",
                  "resourceName": "vSphere World",
                  "traversalSpecId": ""
               },
               "selectFirstRow": {"selectFirstRow": false},
               "selfProvider": {"selfProvider": true},
               "title": "Capacity Terms",
               "traversalSpecId": null,
               "viewDefinitionId": "5039599c-ef0a-48f2-b646-1adb65f70e01"
            },
            "gridsterCoords": {
               "h": 8,
               "w": 6,
               "x": 7,
               "y": 8
            },
            "height": 438,
            "id": "618fdeff-1ad4-4436-b89a-fadd819041c7",
            "title": "Capacity Terms",
            "type": "View"
         },
         {
            "collapsed": false,
            "config": {
               "chartViewItems": [],
               "isUpdatedView": true,
               "refreshContent": {"refreshContent": false},
               "refreshInterval": 300,
               "resource": {
                  "id": "Ext.vcops.chrome.model.Resource-1",
                  "resourceId": "resource:id:0_::_",
                  "resourceKindId": "002006VMWAREvSphere World",
                  "resourceName": "vSphere World",
                  "traversalSpecId": ""
               },
               "selectFirstRow": {"selectFirstRow": false},
               "selfProvider": {"selfProvider": true},
               "title": "Time Remaining (Conservative)",
               "traversalSpecId": null,
               "viewDefinitionId": "2f3ef86d-a0c0-4c49-a096-61efd338ab51"
            },
            "gridsterCoords": {
               "h": 6,
               "w": 3,
               "x": 7,
               "y": 1
            },
            "height": 324,
            "id": "1c4092a3-e458-40ee-9d9f-2584634b3417",
            "title": "Time Remaining (Conservative)",
            "type": "View"
         },
         {
            "collapsed": true,
            "config": {
               "chartViewItems": [],
               "isUpdatedView": true,
               "refreshContent": {"refreshContent": false},
               "refreshInterval": 300,
               "resource": {
                  "id": "Ext.vcops.chrome.model.Resource-3",
                  "resourceId": "resource:id:0_::_",
                  "resourceKindId": "002006VMWAREvSphere World",
                  "resourceName": "vSphere World",
                  "traversalSpecId": ""
               },
               "selectFirstRow": {"selectFirstRow": false},
               "selfProvider": {"selfProvider": true},
               "title": "Time Remaining (Aggressive)",
               "traversalSpecId": null,
               "viewDefinitionId": "f818fa5d-9941-4ad5-903a-554c77cf9fee"
            },
            "gridsterCoords": {
               "h": 1,
               "w": 3,
               "x": 7,
               "y": 7
            },
            "height": 324,
            "id": "cdd55091-7687-435a-99d3-6ff21931cae8",
            "title": "Time Remaining (Aggressive)",
            "type": "View"
         },
         {
            "collapsed": false,
            "config": {
               "chartViewItems": [],
               "isUpdatedView": true,
               "refreshContent": {"refreshContent": false},
               "refreshInterval": 300,
               "resource": {
                  "id": "Ext.vcops.chrome.model.Resource-2",
                  "resourceId": "resource:id:0_::_",
                  "resourceKindId": "002006VMWAREvSphere World",
                  "resourceName": "vSphere World",
                  "traversalSpecId": ""
               },
               "selectFirstRow": {"selectFirstRow": false},
               "selfProvider": {"selfProvider": true},
               "title": "Capacity Remaining (Conservative)",
               "traversalSpecId": null,
               "viewDefinitionId": "11c135ec-0618-44bb-9232-1cddaedeb1fc"
            },
            "gridsterCoords": {
               "h": 6,
               "w": 3,
               "x": 10,
               "y": 1
            },
            "height": 324,
            "id": "81d79f99-b2c6-4735-8384-453260248615",
            "title": "Capacity Remaining (Conservative)",
            "type": "View"
         },
         {
            "collapsed": true,
            "config": {
               "chartViewItems": [],
               "isUpdatedView": true,
               "refreshContent": {"refreshContent": false},
               "refreshInterval": 300,
               "resource": {
                  "id": "Ext.vcops.chrome.model.Resource-4",
                  "resourceId": "resource:id:0_::_",
                  "resourceKindId": "002006VMWAREvSphere World",
                  "resourceName": "vSphere World",
                  "traversalSpecId": ""
               },
               "selectFirstRow": {"selectFirstRow": false},
               "selfProvider": {"selfProvider": true},
               "title": "Capacity Remaining (Aggressive)",
               "traversalSpecId": null,
               "viewDefinitionId": "3fb296ef-e2b2-4a74-9062-9e41ca1f7d55"
            },
            "gridsterCoords": {
               "h": 1,
               "w": 3,
               "x": 10,
               "y": 7
            },
            "height": 324,
            "id": "72e880ab-32bc-4fea-8773-a0e8e2b20fa3",
            "title": "Capacity Remaining (Aggressive)",
            "type": "View"
         },
         {
            "collapsed": false,
            "config": {
               "customFilter": {
                  "excludedResources": null,
                  "filter": [],
                  "includedResources": null
               },
               "depth": 1,
               "metric": {
                  "mode": "resourceKind",
                  "resourceKindMetrics": [
                     {
                        "colorMethod": 1,
                        "id": "extModel48613-1",
                        "isStringMetric": false,
                        "label": "CPU",
                        "metricKey": "System Properties|cpu|demand|bufferSetting",
                        "metricName": "vRealize Operations Manager Generated Properties|CPU|Demand|Buffer",
                        "metricUnitId": "percent",
                        "orangeBound": null,
                        "redBound": null,
                        "resourceKindId": "resourceKind:id:0_::_",
                        "resourceKindName": "Cluster Compute Resource",
                        "unit": "%",
                        "yellowBound": null
                     },
                     {
                        "colorMethod": 1,
                        "id": "extModel48613-5",
                        "isStringMetric": false,
                        "label": "Memory",
                        "metricKey": "System Properties|mem|demand|bufferSetting",
                        "metricName": "vRealize Operations Manager Generated Properties|Memory|Demand|Buffer",
                        "metricUnitId": "percent",
                        "orangeBound": null,
                        "redBound": null,
                        "resourceKindId": "resourceKind:id:0_::_",
                        "resourceKindName": "Cluster Compute Resource",
                        "unit": "%",
                        "yellowBound": null
                     },
                     {
                        "colorMethod": 1,
                        "id": "extModel48613-3",
                        "isStringMetric": false,
                        "label": "Disk Space",
                        "metricKey": "System Properties|diskspace|demand|bufferSetting",
                        "metricName": "vRealize Operations Manager Generated Properties|Disk Space|Demand|Buffer",
                        "metricUnitId": "percent",
                        "orangeBound": null,
                        "redBound": null,
                        "resourceKindId": "resourceKind:id:0_::_",
                        "resourceKindName": "Cluster Compute Resource",
                        "unit": "%",
                        "yellowBound": null
                     }
                  ],
                  "resourceMetrics": [],
                  "subMode": "resourceKindAll"
               },
               "refreshContent": {"refreshContent": false},
               "refreshInterval": 300,
               "relationshipMode": {"relationshipMode": 0},
               "resInteractionMode": null,
               "resource": [],
               "selfProvider": {"selfProvider": false},
               "showMetricFullName": {"metricFullName": false},
               "title": "Buffer Settings (Demand Model)",
               "visualTheme": 2
            },
            "gridsterCoords": {
               "h": 4,
               "w": 3,
               "x": 7,
               "y": 22
            },
            "height": 210,
            "id": "cd154d42-e539-4605-95d8-f7bd7a7194d6",
            "title": "Buffer Settings (Demand Model)",
            "type": "PropertyList"
         },
         {
            "collapsed": false,
            "config": {
               "customFilter": {
                  "excludedResources": null,
                  "filter": [],
                  "includedResources": null
               },
               "depth": 1,
               "metric": {
                  "mode": "resourceKind",
                  "resourceKindMetrics": [
                     {
                        "colorMethod": 1,
                        "id": "extModel78551-1",
                        "isStringMetric": false,
                        "label": "vCPU to Core",
                        "metricKey": "cpu|vcpus_to_cores_allocation_ratio",
                        "metricName": "CPU|Current Overcommit Ratio",
                        "metricUnitId": null,
                        "orangeBound": null,
                        "redBound": null,
                        "resourceKindId": "resourceKind:id:0_::_",
                        "resourceKindName": "Cluster Compute Resource",
                        "unit": null,
                        "yellowBound": null
                     },
                     {
                        "colorMethod": 1,
                        "id": "extModel78551-3",
                        "isStringMetric": false,
                        "label": "Memory Overcommit",
                        "metricKey": "mem|virtual_to_physical_memory_allocation_ratio",
                        "metricName": "Memory|Current Overcommit Ratio",
                        "metricUnitId": null,
                        "orangeBound": null,
                        "redBound": null,
                        "resourceKindId": "resourceKind:id:0_::_",
                        "resourceKindName": "Cluster Compute Resource",
                        "unit": null,
                        "yellowBound": null
                     },
                     {
                        "colorMethod": 1,
                        "id": "extModel78551-5",
                        "isStringMetric": false,
                        "label": "Disk Space Overcommit",
                        "metricKey": "diskspace|diskspace_overcommit_ratio",
                        "metricName": "Disk Space|Current Overcommit Ratio",
                        "metricUnitId": null,
                        "orangeBound": null,
                        "redBound": null,
                        "resourceKindId": "resourceKind:id:0_::_",
                        "resourceKindName": "Cluster Compute Resource",
                        "unit": null,
                        "yellowBound": null
                     }
                  ],
                  "resourceMetrics": [],
                  "subMode": "resourceKindAll"
               },
               "refreshContent": {"refreshContent": false},
               "refreshInterval": 300,
               "relationshipMode": {"relationshipMode": 0},
               "resInteractionMode": null,
               "resource": [],
               "selfProvider": {"selfProvider": false},
               "showMetricFullName": {"metricFullName": false},
               "title": "Overcommit Ratios",
               "visualTheme": 2
            },
            "gridsterCoords": {
               "h": 4,
               "w": 3,
               "x": 10,
               "y": 22
            },
            "height": 210,
            "id": "4799a086-bf5e-487d-86df-35babb7f1c48",
            "title": "Overcommit Ratios",
            "type": "PropertyList"
         },
         {
            "collapsed": true,
            "config": {
               "customFilter": {
                  "excludedResources": null,
                  "filter": [
                     {
                        "filterTypes": [{
                           "condition": "GREATER_THAN",
                           "filterType": "properties",
                           "metricKey": "System Properties|cpu|alloc|overcommitRatioSetting",
                           "metricValue": {
                              "isStringMetric": false,
                              "value": 0
                           }
                        }],
                        "resourceKind": "002006VMWAREClusterComputeResource"
                     },
                     {
                        "filterTypes": [{
                           "condition": "GREATER_THAN",
                           "filterType": "properties",
                           "metricKey": "System Properties|mem|alloc|overcommitRatioSetting",
                           "metricValue": {
                              "isStringMetric": false,
                              "value": 0
                           }
                        }],
                        "resourceKind": "002006VMWAREClusterComputeResource"
                     },
                     {
                        "filterTypes": [{
                           "condition": "GREATER_THAN",
                           "filterType": "properties",
                           "metricKey": "System Properties|diskspace|alloc|overcommitRatioSetting",
                           "metricValue": {
                              "isStringMetric": false,
                              "value": 0
                           }
                        }],
                        "resourceKind": "002006VMWAREClusterComputeResource"
                     }
                  ],
                  "includedResources": null
               },
               "depth": 1,
               "metric": {
                  "mode": "resourceKind",
                  "resourceKindMetrics": [
                     {
                        "colorMethod": 1,
                        "id": "extModel78551-1",
                        "isStringMetric": false,
                        "label": "vCPU to Core (Current)",
                        "metricKey": "cpu|vcpus_to_cores_allocation_ratio",
                        "metricName": "CPU|Current Overcommit Ratio",
                        "metricUnitId": null,
                        "orangeBound": null,
                        "redBound": null,
                        "resourceKindId": "resourceKind:id:0_::_",
                        "resourceKindName": "Cluster Compute Resource",
                        "unit": null,
                        "yellowBound": null
                     },
                     {
                        "colorMethod": 1,
                        "id": "extModel78551-2",
                        "isStringMetric": false,
                        "label": "vCPU to Core  (Planned)",
                        "metricKey": "System Properties|cpu|alloc|overcommitRatioSetting",
                        "metricName": "vRealize Operations Manager Generated Properties|CPU|Allocation|Planned Overcommit Ratio",
                        "metricUnitId": null,
                        "orangeBound": null,
                        "redBound": null,
                        "resourceKindId": "resourceKind:id:0_::_",
                        "resourceKindName": "Cluster Compute Resource",
                        "unit": null,
                        "yellowBound": null
                     },
                     {
                        "colorMethod": 1,
                        "id": "extModel78551-3",
                        "isStringMetric": false,
                        "label": "Memory Overcommit (Current)",
                        "metricKey": "mem|virtual_to_physical_memory_allocation_ratio",
                        "metricName": "Memory|Current Overcommit Ratio",
                        "metricUnitId": null,
                        "orangeBound": null,
                        "redBound": null,
                        "resourceKindId": "resourceKind:id:0_::_",
                        "resourceKindName": "Cluster Compute Resource",
                        "unit": null,
                        "yellowBound": null
                     },
                     {
                        "colorMethod": 1,
                        "id": "extModel78551-4",
                        "isStringMetric": false,
                        "label": "Memory Overcommit (Planned)",
                        "metricKey": "System Properties|mem|alloc|overcommitRatioSetting",
                        "metricName": "vRealize Operations Manager Generated Properties|Memory|Allocation|Planned Overcommit Ratio",
                        "metricUnitId": null,
                        "orangeBound": null,
                        "redBound": null,
                        "resourceKindId": "resourceKind:id:0_::_",
                        "resourceKindName": "Cluster Compute Resource",
                        "unit": null,
                        "yellowBound": null
                     },
                     {
                        "colorMethod": 1,
                        "id": "extModel78551-5",
                        "isStringMetric": false,
                        "label": "Disk Space Overcommit (Current)",
                        "metricKey": "diskspace|diskspace_overcommit_ratio",
                        "metricName": "Disk Space|Current Overcommit Ratio",
                        "metricUnitId": null,
                        "orangeBound": null,
                        "redBound": null,
                        "resourceKindId": "resourceKind:id:0_::_",
                        "resourceKindName": "Cluster Compute Resource",
                        "unit": null,
                        "yellowBound": null
                     },
                     {
                        "colorMethod": 1,
                        "id": "extModel78551-6",
                        "isStringMetric": false,
                        "label": "Disk Space Overcommit (Planned)",
                        "metricKey": "System Properties|diskspace|alloc|overcommitRatioSetting",
                        "metricName": "vRealize Operations Manager Generated Properties|Disk Space|Allocation|Planned Overcommit Ratio",
                        "metricUnitId": null,
                        "orangeBound": null,
                        "redBound": null,
                        "resourceKindId": "resourceKind:id:0_::_",
                        "resourceKindName": "Cluster Compute Resource",
                        "unit": null,
                        "yellowBound": null
                     }
                  ],
                  "resourceMetrics": [],
                  "subMode": "resourceKindAll"
               },
               "refreshContent": {"refreshContent": false},
               "refreshInterval": 300,
               "relationshipMode": {"relationshipMode": 0},
               "resInteractionMode": null,
               "resource": [],
               "selfProvider": {"selfProvider": false},
               "showMetricFullName": {"metricFullName": false},
               "title": "Overcommit Ratios (Allocation Model)",
               "visualTheme": 2
            },
            "gridsterCoords": {
               "h": 1,
               "w": 3,
               "x": 1,
               "y": 53
            },
            "height": 325,
            "id": "eea0ca96-ff0b-4959-83b5-7a264d2dd0fe",
            "title": "Overcommit Ratios (Allocation Model)",
            "type": "PropertyList"
         },
         {
            "collapsed": false,
            "config": {
               "chartViewItems": [],
               "isUpdatedView": true,
               "refreshContent": {"refreshContent": false},
               "refreshInterval": 300,
               "resource": null,
               "selectFirstRow": {"selectFirstRow": false},
               "selfProvider": {"selfProvider": false},
               "title": "Dedicated Failover Hosts for Admission Control",
               "traversalSpecId": "",
               "viewDefinitionId": "a7ee8dbc-ce6e-40f3-9976-2c443e898032"
            },
            "gridsterCoords": {
               "h": 5,
               "w": 3,
               "x": 10,
               "y": 16
            },
            "height": 267,
            "id": "153e4f94-f277-4990-bc17-32e0a2ca800e",
            "states": [{
               "key": "permSelectedDate_widget_44e1ceb2-d738-477c-ac09-caffe888fb0c_153e4f94-f277-4990-bc17-32e0a2ca800e",
               "value": "s%3A%7B%22minType%22%3A%22.TimeIntervalControl%22%2C%22advancedTimeMode%22%3Afalse%2C%22fromTime%22%3Anull%2C%22unit%22%3A%22DAYS%22%2C%22count%22%3A7%2C%22priorUnit%22%3Anull%2C%22priorCount%22%3Anull%2C%22startSubUnit%22%3Anull%2C%22startPeriod%22%3Anull%2C%22toTime%22%3Anull%2C%22endUnit%22%3Anull%2C%22endCount%22%3Anull%2C%22endSubUnit%22%3Anull%2C%22endPeriod%22%3Anull%7D"
            }],
            "title": "Dedicated Failover Hosts for Admission Control",
            "type": "View"
         },
         {
            "collapsed": true,
            "config": {
               "customFilter": {
                  "excludedResources": null,
                  "filter": [
                     {
                        "filterTypes": [{
                           "condition": "GREATER_THAN",
                           "filterType": "metrics",
                           "metricKey": "cpu|alloc|usableCapacity",
                           "metricValue": {
                              "isStringMetric": false,
                              "value": 0
                           }
                        }],
                        "resourceKind": "002006VMWAREClusterComputeResource"
                     },
                     {
                        "filterTypes": [{
                           "condition": "GREATER_THAN",
                           "filterType": "metrics",
                           "metricKey": "mem|alloc|usableCapacity",
                           "metricValue": {
                              "isStringMetric": false,
                              "value": 0
                           }
                        }],
                        "resourceKind": "002006VMWAREClusterComputeResource"
                     },
                     {
                        "filterTypes": [{
                           "condition": "GREATER_THAN",
                           "filterType": "metrics",
                           "metricKey": "diskspace|alloc|usableCapacity",
                           "metricValue": {
                              "isStringMetric": false,
                              "value": 0
                           }
                        }],
                        "resourceKind": "002006VMWAREClusterComputeResource"
                     }
                  ],
                  "includedResources": null
               },
               "depth": 1,
               "metric": {
                  "mode": "resourceKind",
                  "resourceKindMetrics": [
                     {
                        "colorMethod": 1,
                        "id": "extModel48613-1",
                        "isStringMetric": false,
                        "label": "CPU (Demand)",
                        "metricKey": "System Properties|cpu|demand|bufferSetting",
                        "metricName": "vRealize Operations Manager Generated Properties|CPU|Demand|Buffer",
                        "metricUnitId": "percent",
                        "orangeBound": null,
                        "redBound": null,
                        "resourceKindId": "resourceKind:id:0_::_",
                        "resourceKindName": "Cluster Compute Resource",
                        "unit": "%",
                        "yellowBound": null
                     },
                     {
                        "colorMethod": 1,
                        "id": "extModel48613-2",
                        "isStringMetric": false,
                        "label": "CPU (Allocation)",
                        "metricKey": "System Properties|cpu|alloc|bufferSetting",
                        "metricName": "vRealize Operations Manager Generated Properties|CPU|Allocation|Buffer",
                        "metricUnitId": "percent",
                        "orangeBound": null,
                        "redBound": null,
                        "resourceKindId": "resourceKind:id:0_::_",
                        "resourceKindName": "Cluster Compute Resource",
                        "unit": "%",
                        "yellowBound": null
                     },
                     {
                        "colorMethod": 1,
                        "id": "extModel48613-5",
                        "isStringMetric": false,
                        "label": "Memory (Demand)",
                        "metricKey": "System Properties|mem|demand|bufferSetting",
                        "metricName": "vRealize Operations Manager Generated Properties|Memory|Demand|Buffer",
                        "metricUnitId": "percent",
                        "orangeBound": null,
                        "redBound": null,
                        "resourceKindId": "resourceKind:id:0_::_",
                        "resourceKindName": "Cluster Compute Resource",
                        "unit": "%",
                        "yellowBound": null
                     },
                     {
                        "colorMethod": 1,
                        "id": "extModel48613-6",
                        "isStringMetric": false,
                        "label": "Memory (Allocation)",
                        "metricKey": "System Properties|mem|alloc|bufferSetting",
                        "metricName": "vRealize Operations Manager Generated Properties|Memory|Allocation|Buffer",
                        "metricUnitId": "percent",
                        "orangeBound": null,
                        "redBound": null,
                        "resourceKindId": "resourceKind:id:0_::_",
                        "resourceKindName": "Cluster Compute Resource",
                        "unit": "%",
                        "yellowBound": null
                     },
                     {
                        "colorMethod": 1,
                        "id": "extModel48613-3",
                        "isStringMetric": false,
                        "label": "Disk Space (Demand)",
                        "metricKey": "System Properties|diskspace|demand|bufferSetting",
                        "metricName": "vRealize Operations Manager Generated Properties|Disk Space|Demand|Buffer",
                        "metricUnitId": "percent",
                        "orangeBound": null,
                        "redBound": null,
                        "resourceKindId": "resourceKind:id:0_::_",
                        "resourceKindName": "Cluster Compute Resource",
                        "unit": "%",
                        "yellowBound": null
                     },
                     {
                        "colorMethod": 1,
                        "id": "extModel48613-4",
                        "isStringMetric": false,
                        "label": "Disk Space (Buffer)",
                        "metricKey": "System Properties|diskspace|alloc|bufferSetting",
                        "metricName": "vRealize Operations Manager Generated Properties|Disk Space|Allocation|Buffer",
                        "metricUnitId": "percent",
                        "orangeBound": null,
                        "redBound": null,
                        "resourceKindId": "resourceKind:id:0_::_",
                        "resourceKindName": "Cluster Compute Resource",
                        "unit": "%",
                        "yellowBound": null
                     }
                  ],
                  "resourceMetrics": [],
                  "subMode": "resourceKindAll"
               },
               "refreshContent": {"refreshContent": false},
               "refreshInterval": 300,
               "relationshipMode": {"relationshipMode": 0},
               "resInteractionMode": null,
               "resource": [],
               "selfProvider": {"selfProvider": false},
               "showMetricFullName": {"metricFullName": false},
               "title": "Buffer Settings (Allocation Model)",
               "visualTheme": 2
            },
            "gridsterCoords": {
               "h": 1,
               "w": 3,
               "x": 4,
               "y": 53
            },
            "height": 325,
            "id": "448b7b05-ae0a-43c0-85c8-e254a66df8ca",
            "title": "Buffer Settings (Allocation Model)",
            "type": "PropertyList"
         },
         {
            "collapsed": false,
            "config": {
               "editorData": "<div style=\"font-family: Metropolis;font-style: normal;font-weight: normal;font-size: 30px;line-height: 30px;text-align: center;color: #495A67;\">\n\u200b<b>Allocation Model Capacity<\/b>\n<br> \n<br> \n<div style=\"font-family: Metropolis;font-style: normal;font-weight: normal;font-size: 14px;line-height: 24px;text-align: center;color: #495A67;\">\n\u200b* Expand widgets below to view. The widgets will be blank if allocation model is not enabled.",
               "locationFile": "",
               "locationUrl": "",
               "refreshContent": {"refreshContent": false},
               "refreshInterval": 300,
               "title": ".",
               "titleLocalized": ".",
               "viewModeHTML": true
            },
            "gridsterCoords": {
               "h": 3,
               "w": 12,
               "x": 1,
               "y": 50
            },
            "height": 152,
            "id": "26677e62-e336-4a36-bc24-bbc67d5332df",
            "title": ".",
            "type": "TextDisplay"
         },
         {
            "collapsed": false,
            "config": {},
            "gridsterCoords": {
               "h": 6,
               "w": 4,
               "x": 7,
               "y": 26
            },
            "height": 324,
            "id": "5a370c08-9b3a-4555-868b-880bf0ddf8c2",
            "title": "Time Remaining",
            "type": "IntSummaryTimeRemaining"
         },
         {
            "collapsed": false,
            "config": {
               "customFilter": {
                  "excludedResources": null,
                  "filter": [],
                  "includedResources": null
               },
               "depth": 1,
               "metric": {
                  "mode": "resourceKind",
                  "resourceKindMetrics": [
                     {
                        "colorMethod": 1,
                        "id": "extModel52444-1",
                        "isStringMetric": false,
                        "label": "vCPU(s) (Idle VMs)",
                        "metricKey": "reclaimable|idle_vms|cpu",
                        "metricName": "Reclaimable|Idle VMs|CPU",
                        "metricUnitId": "7004",
                        "orangeBound": null,
                        "redBound": null,
                        "resourceKindId": "resourceKind:id:0_::_",
                        "resourceKindName": "Cluster Compute Resource",
                        "unit": "vCPUs",
                        "yellowBound": null
                     },
                     {
                        "colorMethod": 1,
                        "id": "extModel52444-3",
                        "isStringMetric": false,
                        "label": "Memory (Idle VMs)",
                        "metricKey": "reclaimable|idle_vms|mem",
                        "metricName": "Reclaimable|Idle VMs|Memory",
                        "metricUnitId": "gb",
                        "orangeBound": null,
                        "redBound": null,
                        "resourceKindId": "resourceKind:id:0_::_",
                        "resourceKindName": "Cluster Compute Resource",
                        "unit": "GB",
                        "yellowBound": null
                     },
                     {
                        "colorMethod": 1,
                        "id": "extModel52444-2",
                        "isStringMetric": false,
                        "label": "Disk Space (Idle VMs)",
                        "metricKey": "reclaimable|idle_vms|diskspace",
                        "metricName": "Reclaimable|Idle VMs|Disk Space",
                        "metricUnitId": "gb",
                        "orangeBound": null,
                        "redBound": null,
                        "resourceKindId": "resourceKind:id:0_::_",
                        "resourceKindName": "Cluster Compute Resource",
                        "unit": "GB",
                        "yellowBound": null
                     },
                     {
                        "colorMethod": 1,
                        "id": "extModel52444-4",
                        "isStringMetric": false,
                        "label": "Disk Space (Powered Off)",
                        "metricKey": "reclaimable|poweredOff_vms|diskspace",
                        "metricName": "Reclaimable|Powered Off VMs|Disk Space",
                        "metricUnitId": "gb",
                        "orangeBound": null,
                        "redBound": null,
                        "resourceKindId": "resourceKind:id:0_::_",
                        "resourceKindName": "Cluster Compute Resource",
                        "unit": "GB",
                        "yellowBound": null
                     },
                     {
                        "colorMethod": 1,
                        "id": "extModel52444-5",
                        "isStringMetric": false,
                        "label": "Disk Space (VM Snapshots)",
                        "metricKey": "reclaimable|vm_snapshots|diskspace",
                        "metricName": "Reclaimable|VM Snapshots|Disk Space",
                        "metricUnitId": "gb",
                        "orangeBound": null,
                        "redBound": null,
                        "resourceKindId": "resourceKind:id:0_::_",
                        "resourceKindName": "Cluster Compute Resource",
                        "unit": "GB",
                        "yellowBound": null
                     }
                  ],
                  "resourceMetrics": [],
                  "subMode": "resourceKindAll"
               },
               "refreshContent": {"refreshContent": false},
               "refreshInterval": 300,
               "relationshipMode": {"relationshipMode": 0},
               "resInteractionMode": null,
               "resource": [],
               "selfProvider": {"selfProvider": false},
               "showMetricFullName": {"metricFullName": false},
               "title": "Reclaimable Capacity",
               "visualTheme": 2
            },
            "gridsterCoords": {
               "h": 6,
               "w": 2,
               "x": 11,
               "y": 26
            },
            "height": 324,
            "id": "4493ac02-1844-47fc-84ea-ea69b78ffe9b",
            "title": "Reclaimable Capacity",
            "type": "PropertyList"
         },
         {
            "collapsed": true,
            "config": {
               "chartViewItems": [
                  "legend",
                  "labels",
                  "title"
               ],
               "isUpdatedView": true,
               "refreshContent": {"refreshContent": false},
               "refreshInterval": 300,
               "resource": null,
               "selectFirstRow": {"selectFirstRow": false},
               "selfProvider": {"selfProvider": false},
               "title": "CPU Slot Size for Admission Control",
               "traversalSpecId": "",
               "viewDefinitionId": "0095d301-61d6-4c9f-a88a-88d5101ecfa8"
            },
            "gridsterCoords": {
               "h": 1,
               "w": 3,
               "x": 7,
               "y": 21
            },
            "height": 325,
            "id": "f25c4add-c2d4-46b8-9f3b-c6ccf9c5c889",
            "title": "CPU Slot Size for Admission Control",
            "type": "View"
         },
         {
            "collapsed": true,
            "config": {
               "chartViewItems": [
                  "legend",
                  "labels",
                  "title"
               ],
               "isUpdatedView": true,
               "refreshContent": {"refreshContent": false},
               "refreshInterval": 300,
               "resource": null,
               "selectFirstRow": {"selectFirstRow": false},
               "selfProvider": {"selfProvider": false},
               "title": "Memory Slot Size for Admission Control",
               "traversalSpecId": "",
               "viewDefinitionId": "9e710959-d351-48bc-8b75-5cbee8c069a4"
            },
            "gridsterCoords": {
               "h": 1,
               "w": 3,
               "x": 10,
               "y": 21
            },
            "height": 325,
            "id": "2e339058-21eb-4d14-8e65-828bbe516410",
            "title": "Memory Slot Size for Admission Control",
            "type": "View"
         }
      ]
   }],
   "entries": {
      "resource": [{
         "adapterKindKey": "VMWARE",
         "identifiers": [],
         "internalId": "resource:id:0_::_",
         "name": "vSphere World",
         "resourceKindKey": "vSphere World"
      }],
      "resourceKind": [{
         "adapterKindKey": "VMWARE",
         "internalId": "resourceKind:id:0_::_",
         "resourceKindKey": "ClusterComputeResource"
      }]
   },
   "uuid": "3d0a7de5-7074-4fd5-8c02-0423d52d3189"
}