{
   "dashboards": [{
      "autoswitchDelay": 300,
      "autoswitchEnabled": false,
      "autoswitchTabId": "null",
      "columnCount": 1,
      "columnProportion": "1",
      "creationTime": 1574367915961,
      "dashboardNavigations": {},
      "description": "",
      "disabled": false,
      "gridsterMaxColumns": 12,
      "hidden": false,
      "homeTab": false,
      "id": "44e1ceb2-d738-477c-ac09-caffe888fb0c",
      "importAttempts": 0,
      "importComplete": true,
      "isDefault": false,
      "locked": false,
      "name": "Example Dashboards (GBrandon)/Cluster Capacity",
      "namePath": "Example Dashboards (GBrandon)",
      "rank": 0,
      "shared": true,
      "states": [{
         "key": "permDashboardTime_dashboard_44e1ceb2-d738-477c-ac09-caffe888fb0c",
         "value": "o%3AdateRange%3Ds%253Alast90Days%5EdateRangeText%3Ds%253ALast%252090%2520days"
      }],
      "temporary": false,
      "userId": "6df558f7-25df-4222-96b9-ade784399d19",
      "widgetInteractions": [
         {
            "type": "resourceId",
            "widgetIdProvider": "7875e3ad-abbf-42c6-b823-3ea46eda136c",
            "widgetIdReceiver": "7afc9596-4d61-475b-956d-7497c6464557"
         },
         {
            "type": "resourceId",
            "widgetIdProvider": "7875e3ad-abbf-42c6-b823-3ea46eda136c",
            "widgetIdReceiver": "c61dc234-3b56-426f-86fa-c90d46b64684"
         },
         {
            "type": "resourceId",
            "widgetIdProvider": "7875e3ad-abbf-42c6-b823-3ea46eda136c",
            "widgetIdReceiver": "6cc25d7a-d408-469c-a475-7652b5036b81"
         },
         {
            "type": "resourceId",
            "widgetIdProvider": "7875e3ad-abbf-42c6-b823-3ea46eda136c",
            "widgetIdReceiver": "1008181b-049f-46d4-9738-abec08d242d5"
         },
         {
            "type": "resourceId",
            "widgetIdProvider": "7875e3ad-abbf-42c6-b823-3ea46eda136c",
            "widgetIdReceiver": "c5a4ddd5-9bc9-4abc-8515-9660ad0ecd91"
         },
         {
            "type": "resourceId",
            "widgetIdProvider": "7875e3ad-abbf-42c6-b823-3ea46eda136c",
            "widgetIdReceiver": "c567c816-1f29-4e01-9e97-2e51b5ab7b5f"
         }
      ],
      "widgets": [
         {
            "collapsed": false,
            "config": {
               "chartViewItems": [],
               "isUpdatedView": true,
               "refreshContent": {"refreshContent": false},
               "refreshInterval": 300,
               "resource": {
                  "id": "Ext.vcops.chrome.model.Resource-1",
                  "resourceId": "resource:id:0_::_",
                  "resourceKindId": "002006VMWAREvSphere World",
                  "resourceName": "vSphere World",
                  "traversalSpecId": ""
               },
               "selectFirstRow": {"selectFirstRow": false},
               "selfProvider": {"selfProvider": true},
               "title": "Clusters",
               "traversalSpecId": null,
               "viewDefinitionId": "e837378c-6ee5-4339-ac1a-6b35e65a2741"
            },
            "gridsterCoords": {
               "h": 21,
               "w": 6,
               "x": 1,
               "y": 1
            },
            "height": 1179,
            "id": "7875e3ad-abbf-42c6-b823-3ea46eda136c",
            "title": "Clusters",
            "type": "View"
         },
         {
            "collapsed": false,
            "config": {
               "chartViewItems": ["legend"],
               "isUpdatedView": true,
               "refreshContent": {"refreshContent": false},
               "refreshInterval": 300,
               "resource": null,
               "selectFirstRow": {"selectFirstRow": false},
               "selfProvider": {"selfProvider": false},
               "title": "CPU Capacity (Demand)",
               "traversalSpecId": "",
               "viewDefinitionId": "78d2625b-109a-43c4-8829-920a61ae3335"
            },
            "gridsterCoords": {
               "h": 6,
               "w": 6,
               "x": 7,
               "y": 1
            },
            "height": 324,
            "id": "7afc9596-4d61-475b-956d-7497c6464557",
            "states": [{
               "key": "perm_toolbarVisible_widget_44e1ceb2-d738-477c-ac09-caffe888fb0c_7afc9596-4d61-475b-956d-7497c6464557",
               "value": "b%3A0"
            }],
            "title": "CPU Capacity (Demand)",
            "type": "View"
         },
         {
            "collapsed": false,
            "config": {
               "chartViewItems": ["legend"],
               "isUpdatedView": true,
               "refreshContent": {"refreshContent": false},
               "refreshInterval": 300,
               "resource": null,
               "selectFirstRow": {"selectFirstRow": false},
               "selfProvider": {"selfProvider": false},
               "title": "Memory Capacity (Demand)",
               "traversalSpecId": "",
               "viewDefinitionId": "d4aa00b3-e2b8-4e5e-b960-94e7c6d07a28"
            },
            "gridsterCoords": {
               "h": 6,
               "w": 6,
               "x": 7,
               "y": 7
            },
            "height": 324,
            "id": "c61dc234-3b56-426f-86fa-c90d46b64684",
            "states": [{
               "key": "perm_toolbarVisible_widget_44e1ceb2-d738-477c-ac09-caffe888fb0c_c61dc234-3b56-426f-86fa-c90d46b64684",
               "value": "b%3A0"
            }],
            "title": "Memory Capacity (Demand)",
            "type": "View"
         },
         {
            "collapsed": false,
            "config": {
               "chartViewItems": ["legend"],
               "isUpdatedView": true,
               "refreshContent": {"refreshContent": false},
               "refreshInterval": 300,
               "resource": null,
               "selectFirstRow": {"selectFirstRow": false},
               "selfProvider": {"selfProvider": false},
               "title": "Disk Space Capacity (Demand)",
               "traversalSpecId": "",
               "viewDefinitionId": "a97a1575-cd80-4297-996b-8e4168d22489"
            },
            "gridsterCoords": {
               "h": 6,
               "w": 6,
               "x": 7,
               "y": 13
            },
            "height": 324,
            "id": "6cc25d7a-d408-469c-a475-7652b5036b81",
            "states": [{
               "key": "perm_toolbarVisible_widget_44e1ceb2-d738-477c-ac09-caffe888fb0c_6cc25d7a-d408-469c-a475-7652b5036b81",
               "value": "b%3A0"
            }],
            "title": "Disk Space Capacity (Demand)",
            "type": "View"
         },
         {
            "collapsed": true,
            "config": {
               "chartViewItems": ["legend"],
               "isUpdatedView": true,
               "refreshContent": {"refreshContent": false},
               "refreshInterval": 300,
               "resource": null,
               "selectFirstRow": {"selectFirstRow": false},
               "selfProvider": {"selfProvider": false},
               "title": "CPU Capacity (Allocation)",
               "traversalSpecId": "",
               "viewDefinitionId": "c07bb617-4713-4131-80bf-c268c3e5f3cd"
            },
            "gridsterCoords": {
               "h": 1,
               "w": 6,
               "x": 7,
               "y": 19
            },
            "height": 324,
            "id": "1008181b-049f-46d4-9738-abec08d242d5",
            "states": [{
               "key": "perm_toolbarVisible_widget_44e1ceb2-d738-477c-ac09-caffe888fb0c_1008181b-049f-46d4-9738-abec08d242d5",
               "value": "b%3A0"
            }],
            "title": "CPU Capacity (Allocation)",
            "type": "View"
         },
         {
            "collapsed": true,
            "config": {
               "chartViewItems": ["legend"],
               "isUpdatedView": true,
               "refreshContent": {"refreshContent": false},
               "refreshInterval": 300,
               "resource": null,
               "selectFirstRow": {"selectFirstRow": false},
               "selfProvider": {"selfProvider": false},
               "title": "Memory Capacity (Allocation)",
               "traversalSpecId": "",
               "viewDefinitionId": "2e5ec137-d230-4e8e-9843-d7269462615d"
            },
            "gridsterCoords": {
               "h": 1,
               "w": 6,
               "x": 7,
               "y": 20
            },
            "height": 324,
            "id": "c5a4ddd5-9bc9-4abc-8515-9660ad0ecd91",
            "states": [{
               "key": "perm_toolbarVisible_widget_44e1ceb2-d738-477c-ac09-caffe888fb0c_c5a4ddd5-9bc9-4abc-8515-9660ad0ecd91",
               "value": "b%3A0"
            }],
            "title": "Memory Capacity (Allocation)",
            "type": "View"
         },
         {
            "collapsed": true,
            "config": {
               "chartViewItems": ["legend"],
               "isUpdatedView": true,
               "refreshContent": {"refreshContent": false},
               "refreshInterval": 300,
               "resource": null,
               "selectFirstRow": {"selectFirstRow": false},
               "selfProvider": {"selfProvider": false},
               "title": "Disk Space Capacity (Allocation)",
               "traversalSpecId": "",
               "viewDefinitionId": "9d4480e0-7fb7-4176-8050-a5fd64b4c091"
            },
            "gridsterCoords": {
               "h": 1,
               "w": 6,
               "x": 7,
               "y": 21
            },
            "height": 324,
            "id": "c567c816-1f29-4e01-9e97-2e51b5ab7b5f",
            "states": [{
               "key": "perm_toolbarVisible_widget_44e1ceb2-d738-477c-ac09-caffe888fb0c_c567c816-1f29-4e01-9e97-2e51b5ab7b5f",
               "value": "b%3A0"
            }],
            "title": "Disk Space Capacity (Allocation)",
            "type": "View"
         }
      ]
   }],
   "entries": {"resource": [{
      "adapterKindKey": "VMWARE",
      "identifiers": [],
      "internalId": "resource:id:0_::_",
      "name": "vSphere World",
      "resourceKindKey": "vSphere World"
   }]},
   "uuid": "137f598b-2aad-4b31-8a60-7d9e134e0ab8"
}